id,name
C04APUZDT43,internal-at-bay
C04G7KCEZT3,internal-wiz
C04JK3PUBK9,internal-dealhub
C04JTAQ03R7,internal-amdocs
C04JZG489HR,internal-hibob
C04KPQERUGJ,internal-sumsub
C04MM5VBHC5,internal-logzio
C04MTHA1VBN,internal-reef
C04NB5Z7JDS,internal-sygnia
C04NGUEEMFT,internal-powtoon
C04NMP4UVE2,internal-outbrain
C04P4MWFGCD,internal-orca-security
C04QA2HRQTC,internal-healthy
C04QG4G1A73,internal-issuu
C04TP7V7PGF,internal-rtl
C04TQULT02H,internal-pagaya
C04U8GXDXQT,internal-glossai
C04UN6XRQAW,internal-glassesusa
C04UQG25BLK,internal-coralogix
C04V5TRDV6Y,internal-sentra
C050G0474GL,internal-jfrog
C050MB2TG8N,internal-redbull
C051HA1S8M6,internal-attenti
C052N2737EF,internal-adidas
C052VTLFAS2,internal-dazz
C0538HB61E2,internal-moonshot
C053W8JHLQL,internal-playnance
C054LPTFWTW,internal-elastic
C055Z4QNSEM,internal-nanit
C056DGA0HQX,internal-accern
C056WLC1B7D,internal-explorium
C057SPVKTM0,internal-securingsam
C057UDSLWTE,internal-thetaray
C058CE7D6MQ,internal-skywind
C058M0ATTT9,internal-demica
C05938XJQR4,internal-dario
C0593M49HMW,internal-iproov
C059W9RTNAJ,internal-medwing
C05AJ0CE1UG,internal-singular
C05CTQZKXG9,internal-8200
C05D2LACST1,internal-datarobot
C05DHCMAVCZ,internal-fiverr
C05DJ1GSJ67,internal-870
C05DLFU8545,internal-joveo
C05E1R8KHCP,internal-cybereason
C05E2LP7ZGC,internal-scorito
C05E9Q77RNZ,internal-changehealthcare
C05ESDXCL4T,internal-fundguard
C05EU4FK95Z,internal-neogames
C05F9441VEJ,internal-housing
C05FAJKSPPV,internal-similarweb
C05FBUK4DSR,internal-sahibinden
C05FGE9J8A1,internal-zoominfo
C05GH61C0F6,internal-panoramic-power
C05GY8J9090,internal-traydstream
C05H8E9GYKB,internal-payu
C05HN5F3UR3,internal-milgam
C05J76A7RC6,internal-salt
C05K8RSU32T,internal-pw
C05KGE0MJDV,internal-localize
C05LEU8TU2H,internal-deel
C05LKSW3HGU,internal-igentify
C05M861UQEB,internal-bigabid
C05PEJVQGH2,internal-getvymo
C05PFU2BBL1,internal-doubleverify
C05PW24A092,internal-mindtickle
C05R5E5TXB4,internal-noname
C05R5M09DMY,internal-augury
C05R7TWTFGC,internal-island
C05RXS5BMDG,internal-dehaat
C05SYGYTMNF,internal-clear
C05SZU3MB24,internal-shieldfc
C05TAM0C413,internal-ironscales
C05TUDW7LTF,internal-global-e
C060EN1PV6F,internal-everc
C061M187WH3,internal-sportradar
C061P7G57JP,internal-nimbleway
C0645U26G0P,internal-accessfintech
C065TPS9U4E,internal-roku
C065UD32CSH,internal-firefly
C065ZGECJJ3,internal-centrica
C066BHJ0XAT,internal-pismo
C0677KQSUDB,internal-playtika
C0681Q88SJD,internal-intuit
C068G6U2GAX,internal-truelayer
C068VUCDWEN,internal-hunters
C069S0Q3NN4,internal-eqbank
C069W2QU6TE,internal-matillion
C06AD4PHXSM,internal-project44
C06CL4R6VUN,internal-apiiro
C06CT79RX2R,internal-plaxidityx_formerly-argus
C06CUT7GTL2,internal-pmo
C06CV0H29GC,internal-poc-status-summarized
C06D6CBH6NL,internal-sentinelone
C06DH9V8QBU,internal-bees
C06DPP13ECR,internal-cradlepoint
C06E2JU1JJH,internal-tealium
C06EAKYQ65U,internal-claroty
C06EH5CT4BD,internal-converge
C06EQLJJN8H,release-notes-internal
C06EW8SL8BT,internal-john-deere
C06EYV03C2J,internal-perceptionpoint
C06FMPRR28L,internal-mazpen
C06FN76UW2Z,internal-sharechat
C06FRQ1LQUB,internal-lsports
C06FW5XCD4Z,internal-lululemon
C06JW0UJ069,internal-cyberark
C06KFRW39UM,internal-outreach
C06KMUDG94Y,internal-catonetworks
C06KN20N9GB,internal-gloat
C06KXFNGG5Q,internal-att
C06L1FE2RK8,internal-snorkel
C06LDR18D5G,internal-citibank
C06N3SH2FH9,internal-reltio
C06NE99PQQZ,internal-rubrik
C06PXGXUNSF,internal-coro
C06QKU76S04,internal-ab-inbev--rnd-deprioritized
C06RQ9DFTJR,internal-proximus
C06SD1D20MV,internal-draftkings
C06SUEC7GMD,internal-saxobank
C06T19UVAM7,internal-rubrik-rnd
C06THQV9Y5Q,internal-sentinelone-rnd
C06TSD9R693,internal-booksy
C06UC44AU31,internal-affirm
C06URNBL939,internal-citibank-rnd
C06US55MFTQ,internal-imperva
C06V0NT7C4W,internal-roku-rnd
C06V1UKGC20,internal-imperva-rnd
C06VD7GDHLG,internal-bees-rnd
C070KB7LPJ7,internal-mythical-games-rnd
C070U0D1CCV,internal-opentable
C070XS3TJF7,internal-igentify-rnd
C0710JYQW5S,internal-moveworks
C071RE8M091,internal-northwestern-mutual
C071YV6S7QX,internal-hdisequros-rnd
C0725DM92MP,internal-northwestern-mutual-rnd
C072RSW27K3,internal-hdisequros
C072U09B7GU,internal-moveworks-rnd
C073CP436C8,internal-riverty
C073SGHDA0Z,internal-maxar
C073X658PNG,internal-lucid-motors
C07416VHXFC,internal-cardlytics
C074MSG2TJ4,internal-lucid-motors-rnd
C074PMD5FE2,internal-collectors
C074VP7SX0Q,internal-sapiens
C075YV7QV9N,internal-ab-inbev-rnd
C076A108R2N,internal-twist-bioscience-rnd
C076GR6EUCS,internal-pmo-rnd
C076YTMRT3M,internal-alkami
C07791F4YB0,internal-mntn
C077JDS18RF,internal-dat
C077WNQH77E,internal-mission-lane
C07857P1N5B,internal-america-movil
C07887X48N7,internal-vanguard
C078AJ3QW77,internal-sharechat-rnd
C078J93MRDW,internal-santander-mexico
C0790QGDQ8P,internal-ministry-of-finance
C07953GPYD8,internal-santander-mexico-rnd
C07991J9NBU,internal-iqvia
C079SRTTLUS,internal-paypal
C079VHBD5NY,internal-intuit-rnd
C07A569HXL5,internal-outreach-rnd
C07AP65FV1T,internal-actian
C07BLC5MYS0,internal-liberty-mutual
C07BQG8DH7T,internal-collectors-rnd
C07BV2YT4D8,internal-dat-rnd
C07BVN8FZQT,internal-freddie-mac
C07BXUHSNKD,internal-axon
C07C646P56C,internal-actian-rnd
C07CHGF5LH3,internal-maxar-rnd
C07CHM3KGHL,internal-alkami-rnd
C07CN2WRNFR,internal-ea-sports
C07D4NJNC20,internal-lululemon-rnd
C07D6V53EUV,internal-verkada
C07DJ5VCPNW,internal-snowflake
C07DQ60LHAP,internal-noname-rnd
C07DY17KRG8,internal-aeromexico
C07EQF2LEG5,internal-vista-global
C07ET1SPC7L,internal-cohesity
C07F660ATQ8,internal-fidelity
C07FGT9USMT,internal-iaf
C07FL7MUHRC,internal-appliedintuition
C07GYCQEWA2,internal-boomi
C07HPUA6F9V,internal-viapath
C07HQ3P66MB,internal-insurity
C07J1S1AMUM,internal-citi-cloud
C07K04FKZ3J,internal-docusign
C07K395GWVD,internal-groww
C07KMCMU61L,internal-axis
C07KNQVP57F,internal-trax
C07KP87B4PR,internal-digikey
C07KZMHGG4W,internal-fandom
C07L0EZ5U2Y,internal-couchsurfing
C07LMA6Q1SA,internal-orca-security-rnd
C07LZD0M318,internal-appliedintuition-rnd
C07M09DCD16,internal-powerflex
C07MGFB2WP6,internal-hunters-rnd
C07MPBGD1DJ,internal-priceline
C07MQFNKP5F,internal-trax-rnd
C07MU6QPSH0,internal-sda
C07MXSA4FEF,frontend-internal
C07NMN6E2N6,internal-coupa
C07NUT9J6Q2,internal-interbank-peru
C07PQQTBDCN,internal-westernunion
C07QPFKMD1C,internal-1mg
C07R5CLTM8S,internal-docusign-rnd
C07RB7BAZ4L,internal-1mg-rnd
C07RMQ5AT2B,internal-verified-rnd
C07RV4XJQ5S,internal-gocardless
C07RWPWCW3F,internal-abc-fitness
C07RZ1FHP35,internal-ripple
C07S15X3745,internal-flowtraders
C07S43YHG3W,internal-verified
C07S59FSFB6,internal-temenos
C07SJFHBS20,internal-ripple-rnd
C07SK9T5FM0,internal-dlocal
C07SNFDKPKJ,internal-applied-materials
C07SSL2368N,internal-zalando
C07STFMHWNA,internal-cvs
C07SVU9GK4P,internal-paypal-rnd
C07SY07DXTP,internal-viapath-rnd
C07T75VV4FL,internal-ziprecruiter
C07TBQB7P97,internal-affirm-rnd
C07TLGKBYH3,internal-ziprecruiter-rnd
C07TLJS71N2,internal-via-transportation
C07TXL0APK5,internal-westernunion-rnd
C07UAF2J76Y,internal-digikey-rnd
C07UQPR1346,internal-zscaler
C07V64P2JAD,internal-grubhub
C07V8N8EK0R,internal-paloalto
C07V9P7PX8B,internal-moonactive
C080422PLUF,internal-manulife
C0808BJ6E7K,internal-temenos-rnd
C0808BVK8TH,internal-securonix-rnd
C080TV7PDJ6,internal-msd
C080WNV6QJG,internal-msd-rnd
C080YDL3X63,internal-netapp
C080ZDYP4HM,internal-nielseniq
C080ZNYFBHV,internal-aptos-labs
C081FB4SQSH,internal-nasdaq
C081JTMGP51,internal-addepar
C081TLMF5QX,internal-zeiss
C081UJRFKS8,internal-workday
C081URF0HH7,internal-rokt-rnd
C0820GG5ELU,internal-john-deere-rnd
C0820S5JV40,internal-securonix
C0822UPAJM9,internal-adobe
C08231D963U,internal-tmobile
C082ATGD97C,internal-cisco
C082P54LXPW,internal-glossai-rnd
C082RE6T2FN,internal-aptos-labs-rnd
C082T7LNRRS,internal-jusbrasil
C082Y3XR06A,internal-cytoreason
C082ZNDG4EL,internal-rokt
C0834A832JH,internal-adobe-rnd
C08362YTBME,internal-pipefy
C083H7CKA03,internal-nielsen-rnd
C083LB4MF5H,internal-cisco-rnd
C083MFX1BKR,internal-okta
C083RBDHU7R,internal-industrial-alliance
C083W0QHBU5,internal-epic-games-rnd
C08425AQDNY,internal-coupa-rnd
C084CU18RHC,internal-boost-mobile
C084JHTPYD7,internal-bancobv
C084JPG1CJ2,internal-highspot
C084Q39TUNN,internal-career-io
C084QJBAW79,internal-estin_gg
C084RKFLDPZ,internal-בדיקה_טסט
C084RPA4N3Z,internal-בדיקהבדיקה
C084TV6QBFE,internal-toshiba
C084UJJ05U7,internal-bar_bar_bar
C084USAUQ5B,internal-niantic
C084WTYTS1L,internal-penguinrandomhouse
C0850MMKHTP,internal-kroll
C08524N09T3,internal-ifood
C08551YUB5H,internal-testin_gg
C085636J351,internal-בדיקה_טטסט
C085638TM0T,internal-בדיקה_בדיקה
C08569P13DG,internal-בדיקהבדי
C0856C2UAQJ,internal-coro-rnd
C0858DLLL20,internal-בדיקהרווה
C085917EUSG,internal-ravehhh
C0859D00J67,internal-wiz-rnd
C085AD6LLSF,internal-penguinrandomhouse-rnd
C085JLE67GR,internal-בדיקהטסט
C085K7TF7CH,internal-rav_bar
C085K88F6TT,internal-ifood-rnd
C085KFSKW6M,internal-bar_bar
C085PH2ANM7,internal-bar_ba
C085T8XLP6D,internal-bar_bacal
C085UCBNA2D,internal-scaleops-cloud-nativeoptimization
C085VA453FS,internal-rav
C080VHSQCN6,internal-realcloud-scaleops-pipefy
C080Y7YLLCS,internal-realcloud-scaleops-itau
